CustomerID,TotalCost
12348.0,70.6735410460402
12349.0,44.08786228163974
12352.0,175.171249296992
12356.0,51.8691519599543
12359.0,44.9136712432224
12360.0,42.803345408893705
12361.0,43.34608870618784
12362.0,50.38056728936967
12363.0,58.478505999622904
12364.0,48.74294216857112
12367.0,47.19814721081466
12370.0,110.29985881885398
12372.0,52.3772261563126
12375.0,65.21127039093781
12379.0,74.19350575402751
12383.0,45.02710858920056
12388.0,54.68529141734006
12393.0,43.68895924292266
12395.0,49.18260951143811
12397.0,43.3632671846011
12398.0,43.34608870618784
12399.0,51.930833719039164
12401.0,44.5126391162284
12403.0,100.27588043110453
12407.0,56.49145246795894
12408.0,45.88103631479666
12410.0,45.73206311644079
12412.0,42.78060967000309
12413.0,41.7119474663919
12414.0,52.450508409235546
12415.0,232.08846524898115
12417.0,44.05141219604458
12418.0,38.45988862982586
12420.0,42.922311444248635
12421.0,43.837870098836895
12422.0,43.73709512744449
12423.0,42.327695322622986
12425.0,37.837740467715825
12428.0,77.67989955785619
12429.0,59.37056631494108
12431.0,70.13274696439474
12432.0,216.59973816422428
12433.0,52.13893274603408
12434.0,44.597403087545494
12437.0,68.55331322793569
12438.0,43.386002923491716
12442.0,52.70649544928667
12444.0,52.8335982297994
12447.0,43.34608870618784
12449.0,48.89090940300549
12450.0,50.95124652738084
12451.0,42.230897008210974
12455.0,171.21385565158963
12456.0,42.70563336142219
12457.0,195.72529378107333
12458.0,45.90183839328566
12461.0,69.66688577517779
12463.0,43.67918173351141
12464.0,55.990184345048206
12468.0,45.00557646941469
12471.0,81.78362104296853
12472.0,45.193375933427006
12473.0,168.39005828152202
12474.0,49.95903971376878
12476.0,58.46067839957337
12477.0,49.04154723034903
12479.0,38.45988862982586
12480.0,42.0509586101795
12481.0,44.83355909973897
12483.0,63.08991762119421
12484.0,180.91331445387397
12488.0,52.57114597117918
12489.0,50.183176239096646
12490.0,76.91583755807419
12491.0,41.9051408096463
12493.0,44.60550600341581
12498.0,43.443539919570114
12500.0,97.19955644892794
12502.0,78.74800934396669
12504.0,77.62259599300656
12507.0,51.096672380725465
12508.0,39.12390204008515
12510.0,73.91389111485863
12512.0,40.65618023033986
12513.0,37.837740467715825
12517.0,49.77128605768155
12518.0,46.359428835716656
12520.0,43.38166899015522
12521.0,43.34608870618784
12523.0,51.46058138225682
12524.0,54.89557424524476
12526.0,52.57114597117918
12527.0,55.7875701239631
12528.0,43.03275127857494
12530.0,54.969194626944535
12536.0,320.3646982436452
12539.0,43.61983131182493
12540.0,71.89176024866593
12541.0,44.31260645204811
12546.0,44.079150104051664
12548.0,43.34608870618784
12551.0,43.34608870618784
12553.0,63.0657052655172
12556.0,39.69722147112565
12557.0,158.97319405261084
12559.0,74.2297437232335
12560.0,69.20583301201164
12562.0,49.71932876545601
12567.0,46.176311893609785
12569.0,51.192781253654644
12573.0,37.21146362496899
12578.0,49.34865227074521
12583.0,64.78081652200031
12584.0,45.62550028932112
12585.0,62.17410508565815
12587.0,52.70649544928667
12589.0,42.92245883002438
12591.0,43.34608870618784
12594.0,176.2957837221936
12596.0,64.43336168556044
12597.0,46.66400959343994
12598.0,52.1389484132549
12599.0,49.01554748340015
12600.0,54.24149161702527
12601.0,53.90336210234964
12604.0,43.912358822855865
12607.0,43.34608870618784
12611.0,44.08786228163974
12613.0,46.570534344247925
12616.0,43.912358822855865
12617.0,45.335568276617636
12618.0,42.254690763686035
12619.0,95.9993739708417
12620.0,42.96203377421919
12621.0,52.50433039191056
12625.0,69.92812360669015
12626.0,45.652787679410785
12627.0,53.16575212688252
12630.0,53.68015938514134
12635.0,41.58251503755778
12637.0,50.895042036580136
12640.0,42.70563336142219
12643.0,61.80863339045364
12645.0,61.837771808551004
12647.0,58.39489384148703
12654.0,43.912256931565054
12656.0,50.999356307112876
12657.0,54.44752334248011
12662.0,43.68364097617422
12664.0,220.38009781383113
12665.0,49.06182490544359
12668.0,42.57944914817672
12669.0,94.99104154242005
12670.0,67.64272898838763
12672.0,43.34608870618784
12673.0,47.19814721081466
12676.0,50.621804722252726
12678.0,222.8298605421977
12679.0,64.92097000826907
12680.0,41.477581924208955
12681.0,58.906719772226836
12682.0,61.00095459475109
12683.0,58.100002512033065
12684.0,51.39004428871621
12685.0,42.365964672037016
12686.0,43.34608870618784
12691.0,63.644916014350784
12693.0,43.57208214837527
12694.0,41.48151093348284
12695.0,47.21465054051988
12697.0,52.233709503821245
12700.0,40.95956066767769
12702.0,43.34608870618784
12704.0,69.25085780425061
12705.0,43.68364097617422
12708.0,46.10040484068764
12709.0,63.51495569384874
12710.0,42.803345408893705
12712.0,61.71190354019585
12716.0,52.49531476879207
12720.0,55.20092169837422
12722.0,44.84995191753012
12723.0,45.83449989107206
12724.0,47.23228137449771
12726.0,97.28782178521826
12727.0,43.7271825434233
12728.0,45.39258537380318
12729.0,43.34608870618784
12731.0,109.93506296158036
12734.0,38.45988862982586
12735.0,50.26789462355276
12736.0,62.989188290338014
12743.0,43.66423240547628
12744.0,319.19681470987405
12747.0,71.74312733651819
12748.0,165.72658494628203
12753.0,90.12953193832341
12754.0,inf
12755.0,inf
12757.0,269.43974018463234
12758.0,74.2297437232335
12759.0,43.85829460139594
12763.0,78.92231389351049
12764.0,43.34608870618784
12766.0,44.99723479966817
12772.0,37.837740467715825
12775.0,46.992835442267186
12778.0,50.958326247877814
12779.0,50.249320114747384
12781.0,46.2245348552391
12782.0,46.359428835716656
12787.0,63.439783453527475
12794.0,43.13490802569324
12797.0,43.34608870618784
12802.0,37.21146362496899
12811.0,44.30991997891937
12812.0,37.837740467715825
12815.0,45.07890923289642
12817.0,49.06182490544359
12818.0,129.22048674449212
12820.0,42.791232420822276
12822.0,43.16455810687427
12823.0,212.32451523251964
12824.0,37.837740467715825
12827.0,54.67662656010812
12828.0,44.90102356787861
12833.0,43.34608870618784
12834.0,44.08786228163974
12836.0,40.56177457656875
12839.0,51.41587842962234
12841.0,46.63167633603783
12843.0,46.63592024662246
12844.0,40.082860799299354
12845.0,92.27044721452722
12847.0,39.12390204008515
12853.0,58.68048757881029
12854.0,51.90238491856249
12856.0,39.15958540330128
12857.0,45.92403925953968
12866.0,38.45988862982586
12867.0,41.62195961496489
12868.0,51.84115567177646
12872.0,46.69060636603574
12873.0,59.01768655816918
12877.0,66.4484821197636
12878.0,46.97976911141869
12879.0,70.45982665831649
12881.0,191.24250494758016
12882.0,93.36046904668464
12883.0,44.4614375868627
12885.0,43.17554830196888
12888.0,75.57250492480338
12890.0,38.45988862982586
12897.0,74.12264939230795
12901.0,inf
12904.0,39.12390204008515
12906.0,52.86369218226683
12908.0,inf
12909.0,48.83544260387099
12910.0,64.88764519324391
12912.0,85.21388993394588
12915.0,42.82096088035406
12916.0,64.47668412882992
12917.0,111.68738537095868
12919.0,62.5507440655122
12920.0,37.86918273717407
12921.0,55.26777953099972
12922.0,39.177684260182424
12923.0,39.177684260182424
12924.0,78.19756286902759
12925.0,50.94292178065661
12928.0,97.6200824930627
12930.0,41.831060887522575
12931.0,inf
12933.0,47.20899729255653
12935.0,45.552733327581265
12937.0,41.893530044059546
12938.0,37.837740467715825
12939.0,240.08756945083698
12944.0,43.386002923491716
12947.0,56.30379894307838
12948.0,55.52807567726209
12949.0,45.15241429046593
12950.0,68.90887076724589
12951.0,44.93553484995417
12952.0,44.02591141273869
12955.0,51.12951294002508
12957.0,45.29814246380988
12963.0,48.62881333472947
12966.0,52.70649544928667
12967.0,75.64296155892772
12968.0,43.34608870618784
12970.0,40.50954501920447
12971.0,66.9148339282707
12974.0,42.5169246625413
12976.0,43.323352967297225
12977.0,37.86918273717407
12980.0,318.1181076906158
12984.0,46.789429339956634
12985.0,105.97441762626156
12987.0,45.64650551310472
12989.0,146.1280334951938
12991.0,49.80504023046412
12993.0,43.30214540939488
12997.0,46.14598833690869
12999.0,54.82306485737259
13000.0,59.82491058235692
13001.0,119.81810170690305
13004.0,48.751943596630525
13008.0,42.254690763686035
13012.0,44.910304563055426
13013.0,45.66459286667287
13014.0,73.53386905300236
13018.0,52.23757227792137
13021.0,47.437238567187386
13023.0,43.08319477920932
13026.0,55.78081945881833
13027.0,inf
13028.0,41.58251503755778
13032.0,42.09329478637784
13035.0,77.30453841086324
13038.0,67.85225575619442
13040.0,50.841917676581666
13046.0,43.51701795052582
13047.0,48.499823717671056
13050.0,45.86227146190162
13058.0,61.66449475986003
13060.0,47.75738959970343
13064.0,44.9541572684832
13066.0,42.6401120673968
13067.0,37.86918273717407
13069.0,46.83317189885855
13078.0,77.71836922209016
13080.0,38.45988862982586
13081.0,74.87088097994913
13082.0,55.78471295391421
13083.0,51.91724562294401
13085.0,51.033382424308265
13089.0,184.03482799571765
13090.0,57.98101468792376
13092.0,52.952416201091026
13093.0,102.69150794775116
13094.0,82.34293228275824
13097.0,55.11110808258857
13098.0,82.44849697993516
13102.0,48.11348279005487
13103.0,50.73902435095689
13104.0,73.62742358366215
13106.0,61.745107659989436
13110.0,42.46034746827436
13113.0,150.3018862376285
13115.0,42.230897008210974
13117.0,44.4402160139375
13118.0,45.30487772403714
13126.0,45.555782406029884
13132.0,43.34608870618784
13133.0,45.09342292119925
13134.0,51.01340199014782
13136.0,45.88103631479666
13137.0,38.82834067066712
13139.0,47.73689973699811
13140.0,44.986100294979465
13141.0,43.468789180526784
13142.0,42.922311444248635
13144.0,56.26592116604511
13145.0,100.0153300071571
13147.0,104.2251882992155
13148.0,44.54545030704144
13149.0,48.17879316697698
13158.0,46.96283298320159
13159.0,40.80209640872268
13162.0,41.569642845928605
13165.0,53.76383225246763
13166.0,37.55296442098672
13169.0,42.47141092631432
13170.0,37.86918273717407
13177.0,44.03113297087747
13178.0,55.14622351870423
13183.0,54.87347461575564
13184.0,41.90280503152044
13186.0,43.80750058538995
13189.0,52.83420718053568
13193.0,37.55296442098672
13196.0,43.33276423217874
13199.0,126.36012888585803
13200.0,59.073729939535234
13203.0,42.230897008210974
13207.0,44.071047188181346
13208.0,41.394713623207565
13209.0,54.43369846461944
13211.0,105.08704892727836
13212.0,40.98428137241568
13213.0,46.819716217268684
13217.0,70.56784199852609
13220.0,93.14642538552157
13221.0,40.95623819481095
13223.0,82.0966713801398
13225.0,189.42864159402876
13227.0,64.98928606226836
13230.0,39.50680077504727
13232.0,41.29180617380996
13233.0,48.3375427915879
13236.0,44.925896208476125
13238.0,64.9340066106393
13239.0,41.9051408096463
13242.0,43.92513644134628
13247.0,48.04363001805157
13248.0,44.14494595224425
13249.0,82.49903032036858
13253.0,53.82415676079911
13255.0,52.746409666590544
13256.0,705.4397881648811
13258.0,38.82283286765468
13259.0,37.86918273717407
13260.0,43.34608870618784
13263.0,49.1629666055932
13265.0,44.782161102237424
13266.0,57.34308685461143
13267.0,48.95258342240321
13268.0,43.21858740016717
13269.0,47.571048078444356
13271.0,36.910223977959866
13272.0,44.071047188181346
13273.0,45.03474633583865
13276.0,50.820491993435574
13277.0,59.07372767093583
13280.0,42.803345408893705
13283.0,41.58251503755778
13285.0,41.68331748735132
13294.0,43.912358822855865
13305.0,51.496735923528774
13307.0,42.254690763686035
13308.0,42.41962960836246
13310.0,40.93704571706296
13313.0,42.74841994186164
13316.0,117.42304017569316
13318.0,79.05375350391624
13319.0,51.07255472802641
13320.0,42.987796653760256
13323.0,95.00052865437213
13324.0,105.83534556478504
13327.0,59.957090737716015
13328.0,43.34608870618784
13329.0,63.45260503403053
13336.0,43.34608870618784
13340.0,108.11257659204111
13344.0,48.80345372607646
13345.0,44.03113297087747
13350.0,50.507026524944116
13352.0,38.45988862982586
13355.0,44.03113297087747
13359.0,166.91822819919312
13368.0,45.788050277076536
13373.0,43.231989260786335
13379.0,38.246111601546666
13381.0,46.276293179392255
13382.0,43.34608870618784
13384.0,53.15199657854909
13385.0,44.03113297087747
13389.0,40.93704571706296
13390.0,42.254690763686035
13394.0,46.29784954617314
13396.0,49.80504023046412
13402.0,43.88962308396525
13403.0,42.254690763686035
13405.0,42.68440973992668
13408.0,105.23554617316044
13410.0,60.41393964568457
13414.0,94.11802916250272
13417.0,53.42825359054142
13418.0,61.863680387476265
13421.0,44.071047188181346
13422.0,38.45988862982586
13426.0,56.315434683067075
13427.0,40.83604161298801
13428.0,46.2706307210587
13429.0,43.22427056233688
13430.0,45.69817895587495
13434.0,67.70063664210159
13435.0,42.89606674873166
13437.0,44.10141348218613
13448.0,41.871598030400406
13450.0,44.79277221386171
13451.0,39.45438105093765
13455.0,42.29460498098991
13458.0,55.383837708468405
13461.0,60.13920100352186
13467.0,50.31664493790978
13468.0,73.0960179434449
13470.0,43.912358822855865
13474.0,37.55296442098672
13477.0,41.779335963572436
13479.0,47.366609355931146
13481.0,42.87680920866698
13487.0,43.92513644134628
13488.0,44.05475877068012
13489.0,76.33887870532666
13491.0,44.21792038453301
13492.0,42.78060967000309
13494.0,42.922311444248635
13495.0,54.109529740745124
13499.0,54.24812443367477
13502.0,40.83604161298801
13505.0,48.92518960354902
13506.0,44.9902895409889
13507.0,45.95860896723101
13509.0,68.9796709904858
13510.0,42.03484028570673
13516.0,81.40612644783597
13517.0,43.231989260786335
13520.0,65.74552355836907
13521.0,47.777075023114335
13523.0,45.04800525384615
13524.0,51.251435924964724
13525.0,153.18050502183243
13527.0,46.795650878647
13529.0,43.88962308396525
13531.0,49.3184505352005
13534.0,49.4837961590878
13536.0,41.7898060812775
13538.0,60.12332417950477
13539.0,41.463401616427106
13546.0,44.470460689281126
13548.0,37.86918273717407
13549.0,45.3853520765259
13551.0,42.94170149712996
13552.0,46.46203387526062
13555.0,50.60796062038137
13558.0,39.679248387731086
13561.0,36.910223977959866
13562.0,43.231989260786335
13563.0,74.2297437232335
13564.0,93.92805966296876
13565.0,37.55296442098672
13566.0,37.86918273717407
13568.0,39.07167248272087
13570.0,37.55296442098672
13571.0,42.97779585991107
13572.0,44.03113297087747
13573.0,40.921746274448324
13575.0,48.25454677185201
13576.0,98.60086797850198
13577.0,46.04173674728192
13579.0,53.50592978760322
13581.0,37.86918273717407
13584.0,37.86918273717407
13590.0,56.96915660727046
13591.0,43.231989260786335
13592.0,42.49973317122823
13594.0,39.07167248272087
13596.0,50.251211783929875
13599.0,54.077654032932294
13600.0,37.86918273717407
13603.0,38.45988862982586
13607.0,43.34608870618784
13610.0,41.48188514034503
13611.0,45.42707413131293
13614.0,41.531700818335345
13615.0,45.03474633583865
13617.0,38.82283286765468
13627.0,42.83951457491531
13629.0,226.72143800826788
13631.0,246.58866413676654
13632.0,42.59779017138531
13634.0,40.338552315255356
13637.0,39.46557331068153
13643.0,42.27698950952956
13644.0,43.44231637839151
13647.0,44.59772053595566
13650.0,42.93799798333773
13651.0,42.09329478637784
13652.0,43.97058966519911
13654.0,43.08072247299212
13655.0,45.90183839328566
13656.0,37.837740467715825
13657.0,52.28286557312321
13658.0,47.80010988201539
13663.0,42.5169246625413
13666.0,42.2368880693189
13668.0,49.43727710445101
13672.0,59.01768655816918
13675.0,47.0846154884382
13678.0,49.330144840364405
13680.0,46.66400959343994
13681.0,42.230897008210974
13684.0,36.910223977959866
13685.0,inf
13692.0,43.25992106453029
13694.0,165.10105273688114
13695.0,61.53481092065569
13699.0,44.03113297087747
13700.0,47.952849739027066
13703.0,79.55043651369041
13704.0,46.61801961415885
13705.0,54.79900140156775
13707.0,43.15504595941277
13709.0,60.66226746967124
13710.0,43.34608870618784
13711.0,47.366609355931146
13715.0,44.68102528355337
13717.0,40.80113480640532
13718.0,44.96755380209828
13720.0,51.04853649620363
13725.0,52.67408788839359
13728.0,40.58157779913045
13735.0,41.39786594726046
13740.0,37.837740467715825
13741.0,47.27343587599245
13742.0,50.89000860396615
13743.0,47.52478075934701
13744.0,41.58251503755778
13748.0,94.5771676439643
13752.0,61.50076384919569
13755.0,49.1475233629947
13756.0,84.57998649527647
13758.0,48.43004691755806
13767.0,96.10686444242776
13769.0,48.76308023905742
13771.0,60.54064439091525
13772.0,42.21311376482308
13777.0,167.39936072233806
13778.0,37.21146362496899
13782.0,41.158944709515964
13784.0,82.4864315292628
13787.0,40.57458672464369
13790.0,47.8202953729247
13791.0,158.74760097128637
13792.0,43.507971613797984
13798.0,inf
13799.0,49.18996390541973
13805.0,119.28720353638332
13806.0,57.69187469800069
13808.0,56.30069876806482
13811.0,63.10713256395739
13813.0,42.49973317122823
13814.0,43.912358822855865
13815.0,48.55875690185051
13816.0,51.76483442048329
13817.0,44.071047188181346
13819.0,44.30991997891937
13822.0,47.19814721081466
13826.0,44.88598199117225
13827.0,37.55296442098672
13831.0,79.95176188102707
13835.0,44.50695047266795
13838.0,38.34809651444347
13842.0,45.15241429046593
13846.0,42.15805384056253
13848.0,inf
13849.0,43.912358822855865
13851.0,43.015794604562565
13854.0,118.5314114917701
13856.0,65.70623612735203
13860.0,47.290131294846724
13862.0,44.70705852631649
13865.0,45.59732475176256
13867.0,40.310768874316125
13869.0,40.407337418991176
13870.0,50.72394261766428
13871.0,45.642037909881715
13873.0,41.960652920253054
13874.0,42.94170149712996
13875.0,43.48077459281774
13878.0,56.92058521963335
13880.0,47.795928336589526
13881.0,182.97507159841678
13882.0,42.515832812473256
13883.0,42.515832812473256
13884.0,42.7660283432946
13887.0,37.837740467715825
13888.0,43.65455359140857
13890.0,44.31593119226716
13892.0,57.92314007319267
13894.0,48.3108645165243
13895.0,43.13009009525665
13898.0,37.837740467715825
13899.0,53.39536250849914
13900.0,42.803345408893705
13904.0,43.386002923491716
13908.0,48.78908453136661
13911.0,48.83945917398458
13918.0,61.453607202046186
13919.0,47.018115057717814
13922.0,44.03113297087747
13923.0,37.837740467715825
13924.0,42.9169845852575
13925.0,46.37311477715649
13928.0,42.074956336639566
13929.0,101.8531337041838
13933.0,43.912358822855865
13940.0,41.99282043971214
13941.0,142.64601897384097
13946.0,75.85677693520329
13948.0,50.284229664793244
13949.0,45.33430657191011
13950.0,59.07373633430098
13951.0,43.029315123864244
13952.0,45.41893339288153
13953.0,295.922164000856
13956.0,38.34809651444347
13959.0,42.31871631500768
13960.0,44.071047188181346
13963.0,48.28200936904513
13967.0,51.01667479645988
13969.0,62.20664280062792
13971.0,46.85210277990747
13974.0,43.34608870618784
13975.0,42.10373025259442
13980.0,44.66745932862786
13983.0,191.61843248011354
13984.0,111.74757445640759
13985.0,46.3942037796638
13986.0,46.15310298220625
13989.0,42.82096088035406
13990.0,43.34608870618784
13991.0,38.777933933134015
13993.0,49.196306335776825
13994.0,44.80919348576638
13995.0,43.81251996195625
13999.0,46.23396003193799
14000.0,59.73548890501226
14001.0,43.63298708538331
14002.0,41.831060887522575
14004.0,45.80277767794488
14005.0,49.736831043382864
14006.0,50.09305901576429
14009.0,43.912358822855865
14016.0,42.43053829226248
14019.0,42.91243602606601
14020.0,43.81464677538435
14021.0,55.77699354698052
14024.0,43.507971613797984
14030.0,41.90978786289985
14031.0,141.9642596196414
14032.0,79.44006430763793
14034.0,39.286376961122016
14035.0,56.832408727216
14037.0,43.60750309471401
14040.0,43.511623987445915
14047.0,45.96830637997914
14049.0,47.53644074860479
14050.0,41.94505502695017
14051.0,114.339298612737
14056.0,49.45787504749603
14057.0,58.9878392531364
14059.0,43.34608870618784
14060.0,67.29510075035464
14062.0,119.55360400756146
14064.0,40.553840448338526
14067.0,42.09329478637784
14071.0,42.536937158582205
14075.0,72.58127369162652
14077.0,38.8116406079108
14078.0,69.0017182410042
14083.0,41.29877786848356
14085.0,46.641503723633264
14088.0,83.550560080433
14092.0,49.52705705323305
14096.0,42.720064913771665
14099.0,51.32793847094539
14101.0,220.08864319442222
14102.0,54.69709303374005
14105.0,46.544407909033694
14107.0,46.487455509424244
14108.0,41.48151093348284
14110.0,189.3976541103001
14111.0,84.38526353865453
14112.0,48.35591815727984
14113.0,79.28937005651531
14114.0,67.2729723820156
14116.0,41.244496471939975
14117.0,47.98389418731056
14121.0,47.23228137449771
14125.0,51.637396252628385
14126.0,64.60725065070254
14129.0,45.10220358711505
14132.0,47.556961338966644
14133.0,43.78164913690593
14135.0,90.30552645186778
14140.0,53.43955684715049
14141.0,50.09443706041128
14143.0,42.5169246625413
14145.0,172.10359275286186
14146.0,43.2089799930332
14147.0,80.69698342806205
14148.0,79.31848807835895
14152.0,41.58251503755778
14156.0,219.4533653604745
14158.0,38.45988862982586
14159.0,42.429849608219165
14161.0,43.8645746607567
14163.0,60.420263065841624
14167.0,42.02822287128888
14173.0,44.913865093693055
14175.0,44.28654037246585
14176.0,50.044923131242456
14178.0,40.92532529759566
14179.0,36.910223977959866
14180.0,51.46982354055528
14185.0,39.49644931730953
14188.0,44.88024620986774
14189.0,47.301250753311095
14191.0,57.26811156142371
14194.0,50.051079024729574
14195.0,148.82720318663695
14196.0,47.98389418731056
14198.0,43.55692636465012
14199.0,91.23569882887865
14201.0,57.90727216942333
14204.0,46.2706307210587
14205.0,42.55683887984517
14209.0,44.98913188379785
14211.0,47.39791307614189
14214.0,41.17588902000666
14215.0,44.38190110239122
14217.0,49.313783049601504
14220.0,49.434863562602246
14221.0,48.80630325236466
14222.0,38.45988862982586
14223.0,41.97418136524716
14224.0,42.738508058101836
14226.0,53.23751707372932
14227.0,51.02986440238207
14234.0,40.3613052597768
14235.0,94.84169159940629
14239.0,48.00721024084121
14240.0,42.04605913102512
14241.0,44.03113297087747
14243.0,64.71399616561419
14245.0,43.61560601058433
14248.0,43.34608870618784
14250.0,52.066040104521015
14251.0,91.43094459259673
14257.0,52.790989081668556
14258.0,87.70904310474218
14261.0,43.912358822855865
14262.0,63.090802414144164
14265.0,45.60101645250667
14267.0,44.18153685414328
14273.0,43.85912013154289
14276.0,44.83977381166873
14277.0,40.80394009686049
14280.0,40.493398624513496
14282.0,55.07647882455795
14284.0,43.3632671846011
14285.0,56.7946293272941
14288.0,47.75738959970343
14290.0,42.60841278269254
14291.0,46.886271488864935
14292.0,51.851089021918156
14293.0,51.18984525946019
14297.0,49.97420379853802
14298.0,90.97931725158202
14299.0,42.38225446675453
14300.0,43.34608870618784
14305.0,40.77169161970036
14306.0,90.68499423017612
14307.0,49.626476434401525
14309.0,48.3000117302725
14312.0,44.67757207294565
14323.0,45.50687656148885
14326.0,56.85331434871201
14329.0,51.87753470660297
14332.0,66.03802673890793
14336.0,44.01780849686837
14339.0,43.34608870618784
14341.0,45.47718215863813
14344.0,51.095160782249394
14352.0,50.71161511956088
14354.0,55.05858569897378
14356.0,43.912358822855865
14359.0,41.447825465883014
14362.0,37.86918273717407
14367.0,55.22426669834861
14368.0,43.323352967297225
14379.0,45.37548249392151
14383.0,45.48736973524384
14385.0,51.23300904357051
14387.0,41.447825465883014
14388.0,44.61538675361509
14389.0,43.88962308396525
14390.0,49.899363721747136
14393.0,42.94170149712996
14395.0,41.18421852025069
14396.0,37.55296442098672
14397.0,67.9829694767952
14401.0,47.49483326513713
14408.0,51.736016452418866
14409.0,68.79854489583039
14410.0,49.35354514545887
14412.0,43.386002923491716
14413.0,36.910223977959866
14414.0,48.00174028831137
14415.0,41.863698540957124
14419.0,39.32375533641398
14420.0,43.34608870618784
14422.0,44.90102356787861
14423.0,103.41760638286887
14424.0,101.59144374050341
14426.0,54.636091056999376
14428.0,44.398258987747084
14432.0,42.52632297213461
14434.0,92.58099182655216
14440.0,62.281973671260864
14441.0,47.24281117743533
14443.0,42.57731450954365
14446.0,40.35645175738447
14447.0,46.05430043718655
14449.0,38.4276804318677
14451.0,42.92245883002438
14453.0,37.86918273717407
14456.0,40.14656817782317
14460.0,52.26506553207547
14461.0,41.7119474663919
14462.0,43.66549435214975
14463.0,83.2164843083431
14465.0,40.37249751952068
14466.0,57.69779601049676
14470.0,41.58251503755778
14472.0,45.0501708195394
14476.0,37.55296442098672
14477.0,120.84897257888552
14481.0,43.912358822855865
14482.0,41.445956220565485
14484.0,41.9051408096463
14485.0,36.910223977959866
14487.0,41.87635736425802
14488.0,47.98389418731056
14491.0,53.08948104773871
14498.0,40.9730891126718
14499.0,39.78179162686888
14502.0,50.460675543112465
14503.0,49.49441689809246
14504.0,42.03185624341096
14505.0,41.34548297106227
14506.0,43.35906061400836
14507.0,91.97930044426721
14508.0,37.86918273717407
14511.0,46.56983402781406
14512.0,42.70848630256286
14513.0,69.82571111908955
14514.0,43.42058353897544
14515.0,43.515024489157604
14520.0,73.0924373475367
14524.0,170.0392648529674
14525.0,42.204926373680415
14527.0,47.42782618447713
14529.0,37.9755156513237
14530.0,43.99965928751988
14533.0,97.28782178521826
14534.0,49.06591119242674
14535.0,41.97418136524716
14539.0,43.3632671846011
14540.0,51.42342372516687
14541.0,51.3001222727437
14543.0,102.62349467836347
14544.0,44.214266429280315
14546.0,41.88670821966158
14547.0,41.20317737281292
14548.0,83.42054021127561
14551.0,43.13490802569324
14553.0,39.770599367125
14554.0,51.34251811115501
14555.0,43.88962308396525
14560.0,108.98911182725293
14561.0,41.463401616427106
14562.0,168.78245463633826
14565.0,42.43053829226248
14566.0,150.45357810866335
14572.0,43.28625577881249
14573.0,45.32517050472238
14581.0,41.9051408096463
14583.0,40.772251723276206
14584.0,42.75520952437187
14587.0,40.83248458573676
14592.0,36.910223977959866
14593.0,37.837740467715825
14595.0,44.457950162420964
14600.0,42.254690763686035
14606.0,162.96761367032187
14607.0,181.83998924754508
14608.0,98.10006986621715
14609.0,inf
14616.0,130.82092395374133
14618.0,66.05725620747614
14621.0,50.15505726923376
14623.0,41.512610478142335
14624.0,42.47141092631432
14626.0,42.323642131959595
14629.0,51.453701529476675
14631.0,54.888074619968755
14633.0,42.5169246625413
14639.0,46.14520251364466
14640.0,55.431534389876816
14642.0,43.323352967297225
14646.0,inf
14653.0,41.02696937353562
14655.0,46.00987661514806
14657.0,39.45438105093765
14658.0,46.96377790161865
14659.0,44.87298286127541
14662.0,36.75056101494033
14667.0,48.56858236915976
14669.0,40.7116548697642
14670.0,39.12005178599389
14672.0,42.09329478637784
14673.0,44.03354138350386
14676.0,162.7806597393262
14680.0,141.21641060507582
14682.0,47.32323313573121
14684.0,38.177687465176376
14687.0,37.837740467715825
14688.0,99.23936058086407
14690.0,43.013735717765584
14691.0,65.73463165042132
14696.0,45.75686137050569
14700.0,38.82283286765468
14701.0,42.67594841400425
14702.0,47.98979824265982
14704.0,41.399051983361545
14708.0,76.41744047578094
14709.0,51.58912045977703
14710.0,38.8116406079108
14711.0,60.20445519359871
14712.0,60.8247716460003
14713.0,57.1395767526281
14716.0,37.55296442098672
14719.0,41.04065346021138
14720.0,52.381141300742485
14722.0,37.86918273717407
14723.0,39.32375533641398
14725.0,40.247971859472685
14730.0,38.82834067066712
14731.0,41.87260230047168
14732.0,45.279351142263934
14733.0,69.16999847316832
14735.0,63.96688563055887
14738.0,52.62412773153377
14739.0,72.0633483595949
14741.0,50.74080312379649
14744.0,41.71698965479005
14747.0,48.61223861999821
14748.0,41.66341169864142
14752.0,96.7970099606962
14754.0,43.386002923491716
14755.0,54.77083644799426
14758.0,43.027912704693094
14759.0,51.89152660451438
14761.0,50.89414226173189
14766.0,45.34624301273879
14768.0,67.29730360984271
14769.0,49.155378048160834
14770.0,42.92245883002438
14775.0,43.61779791417413
14776.0,46.857024843503794
14779.0,165.43204489646698
14780.0,42.47141092631432
14784.0,54.441946803452616
14785.0,65.62860509471646
14794.0,43.03275127857494
14796.0,47.46618542726554
14800.0,47.46839272190524
14801.0,37.837740467715825
14803.0,53.901845243069445
14804.0,61.444424992283544
14805.0,64.39442049696825
14806.0,38.45988862982586
14808.0,46.487455509424244
14810.0,45.65919829198455
14813.0,36.910223977959866
14817.0,42.5180716209665
14818.0,40.98428137241568
14819.0,43.912358822855865
14821.0,43.34608870618784
14825.0,46.13490451167481
14834.0,83.76046498226037
14837.0,42.43053829226248
14841.0,50.539670861983
14842.0,43.57998095411688
14844.0,47.99348326820149
14847.0,44.88598199117225
14849.0,49.784395334160294
14851.0,50.42489062801669
14852.0,45.4219924866861
14853.0,66.4878394284341
14854.0,51.90607751167343
14856.0,42.27698950952956
14859.0,43.959069572788344
14862.0,53.29775127400301
14866.0,95.40158539263857
14868.0,44.99723479966817
14869.0,53.29207361761479
14870.0,40.493398624513496
14871.0,43.15800434039807
14875.0,58.71374101862803
14878.0,47.91901137629028
14880.0,42.803345408893705
14883.0,40.90765327850069
14886.0,49.80916285414133
14887.0,61.774294818466096
14889.0,37.837740467715825
14891.0,45.90183839328566
14895.0,76.95521244741985
14896.0,43.821876495717504
14897.0,44.02591141273869
14898.0,97.37927838396163
14901.0,45.3418666361307
14903.0,42.0509586101795
14904.0,52.322632404651344
14910.0,42.83811676987843
14911.0,201.04822359899046
14912.0,45.214633715878186
14918.0,58.482575208370264
14920.0,44.161125497342354
14921.0,44.507793955944294
14924.0,49.82801105091456
14930.0,44.3338564847541
14931.0,199.09444955537637
14935.0,95.39854888991891
14936.0,53.28426665276336
14937.0,90.87081651622151
14944.0,69.1462879688443
14948.0,44.85686981359139
14951.0,38.45988862982586
14952.0,89.00711358445673
14954.0,37.86918273717407
14958.0,42.47867417678432
14959.0,42.75725290757512
14960.0,72.74540618787
14961.0,54.640249690667375
14963.0,41.988078221621535
14964.0,40.247971859472685
14965.0,56.20716106831487
14970.0,63.06783208543938
14973.0,46.64162587976558
14975.0,39.177684260182424
14976.0,41.95160706484497
14978.0,41.00849153944081
14984.0,37.55296442098672
14987.0,76.72837739039834
14995.0,37.86918273717407
14998.0,37.86918273717407
15002.0,44.9707648649219
15005.0,41.29996001957074
15009.0,43.33193870203179
15010.0,44.66745932862786
15016.0,37.86918273717407
15018.0,42.60640158889768
15021.0,38.13519349010717
15022.0,40.08473797496607
15023.0,45.542062325176474
15024.0,44.05075759216517
15025.0,37.86918273717407
15026.0,41.81344541606222
15027.0,64.89318427104789
15028.0,42.817525716675554
15031.0,37.8831635913469
15032.0,89.47415329135876
15033.0,41.34693769936238
15034.0,42.67594841400425
15036.0,40.473501623595624
15038.0,40.313655329245464
15039.0,67.04242941832807
15044.0,49.036153122138515
15046.0,61.701038891007606
15049.0,37.55296442098672
15050.0,48.288281223381226
15051.0,37.21146362496899
15058.0,44.63507978708333
15059.0,43.334499870723874
15060.0,38.990836957470314
15061.0,137.1749954813878
15065.0,43.33276423217874
15067.0,44.3338564847541
15068.0,42.09329478637784
15070.0,87.97199260305364
15073.0,57.849403722522396
15075.0,47.68307224653157
15078.0,56.467565975520216
15079.0,55.48184856365159
15081.0,44.30281425377616
15087.0,43.34608870618784
15089.0,44.87461143494566
15093.0,111.83372638225686
15095.0,44.79082646689042
15098.0,607.482880294016
15100.0,132.21440056883694
15101.0,65.62860509471646
15103.0,44.079150104051664
15104.0,48.11928216364964
15105.0,43.60343909479184
15106.0,42.754890076447936
15107.0,49.43433713867576
15110.0,53.83717967599802
15111.0,48.4682196214127
15113.0,105.08704892727836
15114.0,44.97808779073532
15116.0,52.997071744856896
15117.0,inf
15118.0,inf
15121.0,44.410042320244806
15122.0,42.68440973992668
15123.0,52.746409666590544
15128.0,46.554078221608265
15129.0,123.84440980216041
15132.0,45.809983590695296
15133.0,48.83463806510413
15134.0,43.56222275920569
15139.0,41.48151093348284
15140.0,45.4874659715352
15143.0,43.34608870618784
15144.0,65.7796040671696
15145.0,42.230897008210974
15146.0,44.594202746806744
15149.0,42.5169246625413
15150.0,49.18821414271422
15152.0,45.422490257939074
15153.0,39.177684260182424
15156.0,57.63750456981114
15157.0,54.64302212548977
15159.0,57.088585205534564
15160.0,87.97199260305364
15163.0,50.507026524944116
15164.0,43.54212611200955
15168.0,50.49031889709573
15172.0,42.61670566159877
15175.0,43.34608870618784
15178.0,43.34608870618784
15180.0,39.177684260182424
15181.0,51.14533200438201
15182.0,43.912358822855865
15186.0,51.108847240160834
15187.0,116.89947781011087
15189.0,131.6545547931804
15192.0,47.27343587599245
15194.0,47.33419011798418
15199.0,111.45452348057411
15203.0,40.90765327850069
15206.0,50.11030742759063
15208.0,46.21815697256449
15212.0,39.177684260182424
15213.0,41.48151093348284
15214.0,46.36191166453701
15218.0,56.959912093261174
15219.0,63.91135534413533
15220.0,45.24122260606146
15221.0,62.82303837812245
15227.0,42.763049534411394
15228.0,47.99348326820149
15230.0,63.258384994429264
15234.0,43.34608870618784
15235.0,52.78551715100536
15237.0,42.73600287486913
15238.0,41.52918879354796
15240.0,53.23581919174719
15241.0,50.8702341170958
15245.0,44.3338564847541
15246.0,43.60750309471401
15249.0,55.723867995769055
15251.0,97.89327824203407
15252.0,43.386002923491716
15258.0,42.82096088035406
15260.0,55.075929990339525
15262.0,42.5169246625413
15264.0,47.68307224653157
15267.0,111.0363971808361
15271.0,46.584748053091666
15272.0,45.90183839328566
15274.0,46.606084242920005
15275.0,37.86918273717407
15281.0,51.10156845863291
15287.0,117.87133850468283
15288.0,45.88103631479666
15289.0,42.50957663891794
15290.0,56.97653692027125
15291.0,190.83293170115252
15296.0,45.01637460469702
15297.0,45.925714680850476
15298.0,211.26068754965655
15299.0,inf
15301.0,86.63728522118386
15303.0,40.247971859472685
15304.0,56.095929494747914
15306.0,65.44531544772204
15311.0,108.12900907291704
15312.0,42.98117923934241
15313.0,50.32257561109237
15314.0,37.837740467715825
15319.0,39.07167248272087
15320.0,36.910223977959866
15321.0,60.08838464570059
15325.0,36.910223977959866
15329.0,40.83604161298801
15330.0,118.44749709544234
15332.0,55.48184856365159
15333.0,44.66745932862786
15334.0,41.81344541606222
15339.0,42.09329478637784
15344.0,44.6679067853113
15345.0,46.544407909033694
15349.0,42.176567973929465
15351.0,39.0628697373963
15353.0,46.530182825973306
15356.0,39.15958540330128
15358.0,50.05602365261148
15360.0,47.156716347167425
15363.0,43.34608870618784
15365.0,58.671834296313975
15366.0,42.82096088035406
15367.0,43.85912013154289
15370.0,60.12408481035187
15372.0,67.6199951846298
15373.0,49.42640909918972
15374.0,86.77049553148164
15376.0,40.310768874316125
15379.0,53.95903049107456
15380.0,127.4268984621449
15381.0,85.71570670349344
15382.0,41.7898060812775
15384.0,44.423615745675946
15385.0,39.177684260182424
15394.0,47.41732467744197
15398.0,43.81464677538435
15399.0,45.497070828957845
15400.0,69.87580018029811
15402.0,54.03228568696736
15407.0,39.50478778847075
15410.0,50.67802580285533
15416.0,43.36447266924258
15419.0,38.45988862982586
15422.0,44.96755380209828
15426.0,38.990836957470314
15427.0,42.91243602606601
15432.0,39.177684260182424
15433.0,42.92245883002438
15434.0,44.6752322013431
15436.0,38.82283286765468
15437.0,37.55296442098672
15438.0,37.21146362496899
15440.0,37.55296442098672
15442.0,113.1688258673247
15443.0,39.703554058200545
15444.0,45.71876288751346
15445.0,41.9051408096463
15447.0,37.837740467715825
15453.0,39.6416377921628
15456.0,38.17101818323334
15458.0,42.922311444248635
15460.0,36.910223977959866
15462.0,43.231989260786335
15463.0,39.477059264428206
15465.0,172.94992341824957
15467.0,46.81844145139786
15468.0,43.912358822855865
15469.0,43.08319477920932
15473.0,87.86576540253392
15478.0,52.56312514837456
15482.0,190.99214686359915
15483.0,37.504828536464885
15484.0,64.93400865497006
15485.0,40.473501623595624
15488.0,42.600197850092925
15489.0,44.31260645204811
15491.0,51.47756742954809
15493.0,39.30705527365767
15498.0,68.2004791597842
15502.0,303.8577180339684
15503.0,36.910223977959866
15505.0,44.760550481842266
15506.0,37.86918273717407
15511.0,39.854540816499096
15512.0,43.912358822855865
15513.0,192.7736133102808
15514.0,50.50698632875082
15516.0,39.888124541018506
15518.0,43.27057509554195
15521.0,41.71194172016657
15523.0,103.66832787800872
15526.0,82.62522877161477
15527.0,48.208827165209264
15530.0,42.48729742100797
15531.0,46.27505609574469
15532.0,38.34809651444347
15533.0,42.15805384056253
15535.0,42.886224551405974
15539.0,40.43154494439728
15544.0,44.31655882204416
15545.0,36.910223977959866
15547.0,46.331129214125376
15549.0,39.812732860486165
15550.0,41.55023112597807
15555.0,43.15927564143183
15556.0,39.177684260182424
15561.0,56.60503656793034
15563.0,50.09443706041128
15565.0,43.08319477920932
15568.0,45.03352673549051
15570.0,44.145713302381886
15571.0,43.62441770628171
15572.0,42.483039547324374
15573.0,37.86918273717407
15574.0,41.92604548072533
15577.0,39.78179162686888
15578.0,37.86918273717407
15579.0,36.910223977959866
15581.0,258.93343752600947
15584.0,40.42795773647257
15587.0,103.89926680923647
15589.0,44.30991997891937
15594.0,43.5369227616525
15596.0,41.00849153944081
15601.0,49.21639956173577
15602.0,56.503625102864184
15604.0,40.493398624513496
15605.0,41.244496471939975
15606.0,64.82202535646627
15611.0,95.75776412765792
15612.0,43.3632671846011
15615.0,49.463633498093586
15618.0,43.33276423217874
15619.0,98.60122624859486
15620.0,43.48218479160768
15621.0,107.02017406069353
15622.0,51.2001591404871
15624.0,44.28572060023227
15626.0,43.97419677418099
15630.0,50.97857097631599
15632.0,48.46411684389403
15634.0,44.03113297087747
15639.0,48.731232136008295
15640.0,74.0391280478062
15644.0,37.7251298844164
15651.0,44.30895069975661
15653.0,inf
15656.0,43.69374062837246
15658.0,43.12010286364682
15659.0,43.16249455586487
15660.0,46.91977332250994
15663.0,40.290414421309194
15664.0,42.07109661336306
15665.0,42.287816775991345
15667.0,38.27629447950289
15669.0,63.32228989717377
15671.0,65.39830941867126
15673.0,43.87700055682445
15674.0,94.90292433893141
15675.0,42.61975125857073
15676.0,40.1889033691977
15677.0,43.16249455586487
15680.0,45.497070828957845
15683.0,43.16249455586487
15687.0,44.00052803878846
15692.0,38.27629447950289
15694.0,105.29721762626295
15695.0,52.34373255972667
15696.0,47.654451387812074
15700.0,42.83014156744261
15701.0,41.70052964875899
15706.0,50.42857687363013
15708.0,49.73030550395239
15712.0,53.82261544442994
15713.0,43.72876467253289
15714.0,41.86246498070214
15716.0,43.564235722526085
15717.0,47.573795449380455
15719.0,44.42582218126206
15721.0,36.72662982763689
15722.0,57.53744202189785
15724.0,44.80669539066592
15727.0,50.4918098716668
15730.0,43.061387929261414
15732.0,43.36574749412438
15733.0,47.128934741882205
15734.0,53.85239868989499
15737.0,46.250417103647436
15738.0,48.2954808717357
15740.0,38.27629447950289
15743.0,41.80225315631834
15745.0,47.77830107363569
15746.0,42.901345705271154
15747.0,39.663630630525816
15749.0,inf
15750.0,44.70705852631649
15752.0,40.69057407108961
15754.0,43.04839511046336
15755.0,41.7898060812775
15756.0,37.500779298112484
15757.0,48.99973030597316
15759.0,50.497576645341994
15763.0,42.79802156411086
15768.0,42.61975125857073
15769.0,331.7182060233098
15774.0,39.88502763960186
15775.0,47.128934741882205
15777.0,98.65218240265256
15780.0,42.21536404951285
15781.0,42.52203921109921
15786.0,46.30168092227101
15787.0,39.28197916035855
15789.0,47.128934741882205
15793.0,109.24068407568183
15796.0,47.83364015875491
15799.0,51.541599616250544
15800.0,41.909700636054865
15801.0,42.31936507417712
15802.0,214.80903130643355
15804.0,44.374173180365496
15805.0,47.95917288118196
15806.0,42.225118308011496
15807.0,42.89245443889195
15809.0,43.179261468415255
15810.0,43.00957092791543
15811.0,44.38190110239122
15812.0,138.36456807962315
15815.0,82.86752287517466
15819.0,42.230897008210974
15827.0,51.48188150047701
15831.0,42.61975125857073
15834.0,48.020862656063194
15837.0,43.13975881697425
15838.0,163.4607750906436
15839.0,42.77843962389621
15843.0,44.27624466020786
15845.0,48.908126959008754
15847.0,41.39892088723481
15850.0,37.02786947464602
15852.0,48.72094749535829
15854.0,105.95390705186772
15856.0,60.710573301692065
15860.0,39.09415224932137
15861.0,45.953252413607935
15864.0,89.57715729126092
15865.0,47.02681757555055
15866.0,42.41660369976995
15867.0,42.880049205458214
15869.0,45.2643569691772
15870.0,37.04170321782857
15874.0,185.10204452698272
15877.0,40.98537283562556
15881.0,48.765510411200715
15882.0,49.359878866552826
15885.0,43.381212301628764
15889.0,40.707210890508065
15894.0,47.390349130408374
15897.0,37.369370270663744
15898.0,75.00413486762264
15899.0,44.03081789516705
15903.0,75.5127816145322
15906.0,39.32060868722733
15910.0,41.006870369547684
15912.0,45.71824424296268
15920.0,37.504828536464885
15922.0,65.95695112135252
15932.0,43.77012947465364
15935.0,73.03353062609528
15937.0,40.30980447419052
15938.0,50.465541000760716
15939.0,inf
15940.0,53.59200888983569
15947.0,99.16615681650731
15949.0,43.20240877316874
15950.0,40.872466591092774
15951.0,46.273555176486774
15952.0,43.49091078596915
15953.0,43.68364097617422
15955.0,45.374149419011104
15963.0,41.29791678315986
15965.0,39.83603252110491
15971.0,259.3492353609605
15974.0,43.93644159461856
15976.0,40.707210890508065
15978.0,43.16249455586487
15981.0,70.22259074561633
15983.0,40.9149318009118
15984.0,60.16236442708084
15985.0,43.72876467253289
15987.0,58.390677691295686
15990.0,51.406726770153675
15993.0,44.55150273797171
15996.0,42.73128568306478
15998.0,41.477581924208955
16005.0,37.945817104867814
16007.0,42.056383508204334
16009.0,47.24281117743533
16011.0,50.615847315592454
16013.0,inf
16014.0,40.90968349405186
16015.0,64.31212099637834
16016.0,39.6416377921628
16019.0,79.10096500201071
16023.0,39.598197476545906
16025.0,43.16249455586487
16027.0,74.51789057607365
16029.0,618.2301965836734
16033.0,44.838449310814504
16034.0,50.57011733298718
16036.0,74.04614957291052
16037.0,47.912827616582256
16038.0,47.5326877714764
16040.0,43.04839511046336
16041.0,inf
16042.0,41.76251772847124
16043.0,60.13565212456046
16045.0,45.7944398318516
16049.0,37.41977700819684
16053.0,43.20240877316874
16056.0,37.6855885868511
16057.0,43.60343909479184
16059.0,42.1913918155481
16062.0,42.97365587380716
16063.0,47.128934741882205
16065.0,40.69307001365423
16066.0,47.36440590181622
16070.0,69.49849287040966
16071.0,43.16249455586487
16072.0,53.978144093819715
16076.0,47.131857107404834
16078.0,66.60588441381681
16081.0,40.8960296785925
16085.0,39.770599367125
16086.0,45.88103631479666
16091.0,43.72876467253289
16092.0,42.87388161045672
16093.0,41.72154665932332
16098.0,69.9834220613907
16099.0,43.04839511046336
16102.0,54.72083775620312
16103.0,45.885355926447
16104.0,42.75810734680699
16107.0,108.56609785497282
16109.0,81.91307722981682
16110.0,41.22546405668137
16112.0,52.184517838368876
16113.0,44.118298837868885
16114.0,43.8475388205545
16115.0,39.47108111369396
16119.0,46.8275844141423
16121.0,37.369370270663744
16122.0,103.40732472815974
16127.0,43.16249455586487
16131.0,52.03356355630121
16133.0,104.40209790383098
16134.0,42.73886467970141
16142.0,47.10619900299159
16143.0,46.64012449980112
16145.0,47.64297958854802
16148.0,64.53750556110943
16150.0,45.88103631479666
16156.0,44.92973680536619
16157.0,46.875435819379696
16160.0,71.88439383589706
16161.0,47.32121099051761
16163.0,169.32052220218418
16168.0,94.80309510310218
16170.0,48.7806744293507
16172.0,53.847490882735705
16173.0,46.61905058936863
16174.0,116.18374481387535
16175.0,43.68895924292266
16178.0,43.16249455586487
16180.0,59.923084506931346
16181.0,38.888078332397896
16182.0,163.17036610709698
16183.0,45.81082046655779
16184.0,42.365964672037016
16186.0,49.11691709116533
16187.0,53.854908421195844
16188.0,41.65949494791323
16189.0,43.20240877316874
16191.0,166.921612101871
16193.0,47.128934741882205
16200.0,48.145977527904414
16201.0,43.959069572788344
16205.0,46.08067116995694
16206.0,44.88799530209964
16208.0,37.65414631739285
16210.0,inf
16213.0,38.99409010985945
16215.0,42.07109661336306
16218.0,73.92598585290041
16221.0,44.14877172773865
16224.0,41.49944501203595
16226.0,44.63143169525455
16227.0,43.8475388205545
16229.0,58.529078735283576
16233.0,54.327965620278796
16235.0,41.95117209749403
16236.0,42.333330512218325
16239.0,46.64476958755209
16240.0,66.30424527811113
16241.0,42.48289163464782
16242.0,46.673742672351075
16243.0,176.05294562809524
16244.0,42.71612894081079
16245.0,41.001997416704775
16249.0,49.96397325394739
16250.0,46.63192313457007
16253.0,68.62479592867373
16255.0,41.2747249796904
16258.0,133.4670665907706
16261.0,37.65154749881601
16265.0,52.35117468027219
16266.0,44.67169496582099
16268.0,44.09091437243579
16270.0,52.844670941137956
16271.0,43.43202251164852
16279.0,41.52693801963178
16281.0,50.74282824958477
16282.0,52.54384900035897
16283.0,45.28800710639839
16284.0,36.72662982763689
16287.0,41.72154665932332
16293.0,45.279351142263934
16295.0,42.89432566415297
16298.0,46.437130539796925
16302.0,41.72154665932332
16303.0,52.18414261340869
16306.0,48.391058519961994
16308.0,inf
16309.0,41.39892088723481
16316.0,45.38070268671319
16317.0,42.29508002646134
16318.0,43.16249455586487
16319.0,76.03818970517644
16320.0,42.38882088006629
16321.0,47.19082119661319
16322.0,46.14254014945267
16324.0,41.62985126573925
16325.0,48.284625471089726
16326.0,44.11951569671787
16330.0,37.5816973658743
16332.0,41.17484059440538
16333.0,inf
16339.0,40.69307001365423
16340.0,36.72662982763689
16341.0,50.6705956511708
16342.0,48.19052684534452
16347.0,40.707210890508065
16348.0,38.82834067066712
16349.0,41.652028772868434
16350.0,44.01780849686837
16353.0,183.7480254171371
16357.0,53.13993541369587
16359.0,173.92219633314295
16360.0,38.29223181962025
16361.0,39.45438105093765
16362.0,40.9730891126718
16365.0,49.59579849548639
16367.0,40.772644044487976
16368.0,45.71876288751346
16369.0,43.14834455170882
16376.0,40.44537868757983
16378.0,48.17537908554118
16379.0,47.41732467744197
16380.0,77.12905557115079
16387.0,46.0375367993804
16389.0,54.753124613705445
16392.0,40.994309660663355
16393.0,42.98790982236966
16394.0,49.11851226266425
16398.0,63.72776374749467
16399.0,37.02786947464602
16401.0,60.10488720530577
16402.0,44.35743276033805
16405.0,53.73271067337466
16407.0,46.38324371004186
16409.0,39.770599367125
16412.0,43.13975881697425
16414.0,43.066391910082146
16416.0,55.618842256949414
16418.0,40.15680185307018
16419.0,46.11292664081649
16422.0,inf
16426.0,43.73596222518545
16427.0,46.705304865718745
16431.0,39.598197476545906
16434.0,45.283217117076006
16438.0,42.230897008210974
16441.0,42.73886467970141
16442.0,41.64786843312663
16444.0,38.34809651444347
16446.0,478.32787420481156
16449.0,45.42236482820244
16451.0,38.27629447950289
16454.0,37.79192150100072
16455.0,46.96622862815825
16456.0,47.368306322845754
16458.0,54.36359136028531
16462.0,53.933190991278444
16463.0,42.230897008210974
16464.0,38.63923871733171
16466.0,40.10661506794157
16469.0,37.1286348053086
16470.0,37.29055516298606
16474.0,39.0628697373963
16477.0,45.83215025561466
16480.0,38.27629447950289
16484.0,42.73886467970141
16485.0,38.24419296337537
16491.0,43.16249455586487
16497.0,51.08903260436323
16498.0,37.942689701704246
16499.0,50.627827810691095
16500.0,173.627694943291
16503.0,44.11120710022563
16505.0,151.92592931504666
16506.0,55.48075741247929
16511.0,37.79192150100072
16513.0,63.17939241328409
16515.0,40.29695526648915
16516.0,49.12642918649104
16518.0,48.00677533331248
16519.0,45.71218676192004
16520.0,38.907802849025984
16523.0,58.09559471331417
16525.0,109.2624977420311
16526.0,38.94758085136205
16529.0,37.63907932835369
16531.0,45.85496641099272
16533.0,46.02766892628348
16535.0,46.56617002561613
16536.0,42.99180410527219
16539.0,65.50997801320806
16549.0,40.87009418618591
16550.0,47.57842533969587
16551.0,47.67238594862293
16553.0,94.36891956137865
16554.0,46.429408828964526
16556.0,45.7267945156251
16558.0,52.31495325140441
16566.0,73.82579236958175
16567.0,43.27786820497761
16570.0,59.39330403513301
16571.0,50.19452139989965
16572.0,40.54158821087999
16581.0,37.60763705889545
16584.0,71.27687065512734
16592.0,44.66593844746229
16596.0,49.67760032661499
16598.0,42.96053029587679
16600.0,41.83938569466962
16603.0,58.61454766083888
16607.0,169.59013512058957
16609.0,41.7898060812775
16610.0,43.801029562057096
16612.0,43.245724292065894
16613.0,49.10369344760042
16616.0,48.70279931032758
16618.0,53.235923467882635
16620.0,46.606084242920005
16621.0,45.33270485710641
16623.0,41.33581045668108
16626.0,174.2858672937284
16628.0,48.757535866470526
16633.0,49.72047475584577
16634.0,59.32633330893554
16638.0,47.916885147714204
16639.0,49.09566632152439
16642.0,57.98545464644252
16648.0,49.12642918649104
16652.0,92.71150753947782
16653.0,57.54517490078649
16654.0,50.569580931444804
16656.0,inf
16657.0,40.462309363851745
16660.0,169.02937999929594
16665.0,50.32725394472806
16667.0,47.22974989765851
16668.0,41.833894630394624
16669.0,46.09110935461932
16670.0,45.52360517449383
16671.0,138.7148166066395
16672.0,71.90526254110401
16674.0,43.00563784845474
16678.0,48.53765590696997
16680.0,49.12642918649104
16681.0,91.99835545698296
16682.0,72.3476024131677
16684.0,inf
16688.0,44.86461119824032
16689.0,67.55496752782763
16692.0,189.9199579789826
16696.0,72.82309900392215
16698.0,147.02488845388532
16700.0,46.04257481527576
16701.0,71.86898840367886
16705.0,71.41405453433771
16706.0,46.752075049946406
16709.0,58.64375495863741
16710.0,43.66653384647059
16712.0,48.8605832886633
16713.0,48.19905684026089
16717.0,57.961047239903316
16719.0,41.1532935281057
16720.0,42.69056445826306
16721.0,40.994309660663355
16722.0,50.364605120286086
16725.0,43.981911785839344
16726.0,44.06740330128232
16727.0,47.128934741882205
16728.0,47.07347700751978
16729.0,52.05414397627316
16730.0,48.87057434373837
16734.0,44.60317334795788
16735.0,46.62292762794522
16738.0,41.33581045668108
16739.0,43.115985297367466
16743.0,41.97885994248304
16744.0,38.36479657719978
16745.0,105.62072725899219
16746.0,50.89296907366335
16747.0,50.21808134795152
16750.0,38.34809651444347
16752.0,42.96053029587679
16753.0,42.69056445826306
16754.0,inf
16755.0,41.132294103531784
16759.0,45.17239959684846
16762.0,53.67240151095638
16763.0,62.75908488151763
16764.0,39.77426755446727
16765.0,52.508714494303156
16766.0,50.71049866019522
16767.0,69.07463714591428
16768.0,47.22816594618621
16769.0,41.33581045668108
16771.0,41.80225315631834
16773.0,50.082233468495055
16775.0,42.0258716523507
16776.0,43.61808094801902
16777.0,43.906624332330416
16778.0,47.26185141378603
16779.0,97.91960391428603
16781.0,52.508714494303156
16782.0,43.221072682545135
16789.0,46.56617002561613
16790.0,45.66886529892188
16791.0,41.17484059440538
16794.0,38.13519349010717
16796.0,43.61808094801902
16801.0,44.381776672234174
16804.0,44.24022911012906
16806.0,42.124071927452086
16807.0,43.00188585196596
16808.0,64.26268399702124
16809.0,40.913305966403044
16810.0,43.115985297367466
16811.0,49.74129502819519
16813.0,40.56995904896273
16814.0,53.65647051987366
16816.0,44.28572060023227
16817.0,46.21175054498855
16818.0,46.65410901619263
16820.0,49.12642918649104
16824.0,50.651564435027154
16829.0,38.94758085136205
16832.0,49.32363729294735
16833.0,42.230897008210974
16837.0,55.74735772891024
16838.0,42.92494255059239
16839.0,131.52725190945173
16841.0,46.976227653718084
16843.0,55.9301464870789
16847.0,48.03503124398923
16852.0,44.80259635698607
16855.0,49.16634340379491
16859.0,41.25140752466246
16861.0,51.90576930571248
16863.0,48.70279931032758
16866.0,52.475671392020914
16869.0,40.309900877936805
16871.0,46.78781220640075
16872.0,130.10485329855723
16873.0,44.22156058620621
16875.0,44.48196812037088
16877.0,41.109104572244675
16881.0,inf
16883.0,40.726134785990574
16884.0,49.85138766848454
16885.0,47.18939868730754
16889.0,42.454306331106295
16891.0,39.45438105093765
16892.0,40.32920374364927
16898.0,43.64952321747727
16899.0,42.54530689565878
16900.0,46.02567620063941
16903.0,43.64952321747727
16904.0,168.84417076276765
16905.0,44.129574119101584
16906.0,41.72745444346387
16910.0,39.32231815258078
16912.0,50.53464948445922
16913.0,55.78719915373514
16918.0,43.54793325284389
16919.0,50.98388606237324
16923.0,53.845236547101415
16924.0,42.99180410527219
16926.0,42.96053029587679
16927.0,inf
16928.0,51.10386381043656
16929.0,44.30408761910822
16931.0,44.9850650027267
16932.0,43.64952321747727
16938.0,41.40641739534884
16940.0,47.2437420967303
16942.0,39.0628697373963
16943.0,54.59296144855222
16945.0,49.69586354393983
16947.0,49.36468415098104
16949.0,44.30408761910822
16954.0,82.59608260865052
16955.0,49.359878866552826
16957.0,66.35618676543399
16960.0,43.333304901289914
16963.0,42.02458735486566
16966.0,85.23151528723423
16968.0,46.606084242920005
16969.0,50.0929469323513
16979.0,47.137316206418454
16980.0,46.705304865718745
16983.0,46.24232735837428
16984.0,43.333304901289914
16985.0,70.03211842247275
16986.0,193.29422543086648
16987.0,40.483583932048944
16989.0,110.56774517201293
16997.0,59.312830483867785
16998.0,86.83780464124982
17001.0,47.28794279068931
17002.0,61.016859149598055
17004.0,54.09835118682189
17007.0,44.6275707868041
17014.0,53.2148975845937
17017.0,77.20186118487783
17018.0,72.83998252972077
17019.0,38.34809651444347
17022.0,43.11229900957455
17025.0,48.14226669392995
17027.0,42.340281399826296
17029.0,168.88209450876445
17031.0,63.187456380729
17033.0,68.99570030006491
17034.0,40.23971192698233
17037.0,52.35676477084572
17040.0,91.00559542005827
17041.0,42.255649008585124
17042.0,45.192945195442576
17043.0,63.8526139317453
17045.0,48.19638558805634
17046.0,47.753790778490185
17048.0,165.22587799348133
17049.0,59.393343006969985
17050.0,43.73221899656101
17054.0,42.515832812473256
17059.0,40.9730891126718
17061.0,116.15704699921615
17063.0,45.083754630560314
17068.0,54.66833173166164
17069.0,44.70030781183627
17071.0,55.865176377110835
17073.0,41.33870906285101
17076.0,51.18409897261428
17079.0,63.35546721514631
17083.0,56.783392632313344
17085.0,40.407337418991176
17086.0,54.71262438811279
17088.0,43.929700180949126
17090.0,88.40435231963981
17091.0,44.99723479966817
17092.0,42.39521077826062
17095.0,40.703256020449665
17096.0,44.47419645658728
17097.0,40.29664199486817
17107.0,77.4079060734482
17109.0,41.71381413430225
17110.0,43.115985297367466
17114.0,40.072235234143605
17115.0,46.535407160649484
17117.0,46.29977069823566
17120.0,43.115985297367466
17124.0,42.28682125372092
17126.0,38.94185182653416
17131.0,44.26372617471309
17133.0,135.64290788006036
17135.0,172.81352049357795
17138.0,47.383065093768195
17139.0,49.15683299362813
17146.0,62.51410371892568
17147.0,44.219165228797756
17153.0,42.70791180051667
17157.0,46.606084242920005
17159.0,47.49327738066741
17160.0,47.69163814896486
17162.0,45.87927811595509
17164.0,44.88024620986774
17166.0,44.47358384931844
17171.0,41.62058650341019
17173.0,67.81144312277517
17174.0,43.115985297367466
17175.0,168.4278384282236
17176.0,37.60763705889545
17179.0,39.23546990186115
17180.0,38.29644781029415
17181.0,54.53552643669289
17189.0,42.5738164951055
17191.0,39.0628697373963
17193.0,65.04508523277148
17203.0,45.11827758802338
17204.0,52.299002102104524
17211.0,165.48323303883677
17213.0,46.140934035388845
17218.0,39.4966020537405
17219.0,36.9776739283557
17220.0,43.82927370659005
17221.0,41.67996994925415
17223.0,52.94987612616028
17226.0,42.242734665520224
17227.0,41.12580603851471
17228.0,41.7898060812775
17229.0,43.63910816846933
17230.0,54.60124263707141
17231.0,38.45026688029884
17235.0,43.757406702177704
17236.0,43.59415531427814
17238.0,42.82703684026962
17239.0,41.62058650341019
17242.0,75.34993542600125
17243.0,51.971008058989746
17244.0,58.50650598447508
17245.0,43.115985297367466
17248.0,37.63907932835369
17252.0,36.68012056913949
17253.0,39.940843870773094
17254.0,40.43154494439728
17255.0,37.63539304056077
17259.0,37.63907932835369
17262.0,169.02937999929594
17266.0,40.130305297388155
17268.0,147.70228844671013
17272.0,43.71857288556654
17277.0,40.34448331582331
17278.0,50.47601828939445
17284.0,40.623353752964654
17287.0,39.418618253938256
17288.0,47.00645917010354
17289.0,39.548001930255595
17290.0,40.77304574041501
17291.0,147.51984328456436
17293.0,45.28049057612775
17295.0,44.03267938334606
17299.0,43.33276423217874
17302.0,43.16178884341562
17306.0,181.71477969672617
17309.0,43.21655693813235
17314.0,48.337605971745816
17315.0,57.79974042493985
17317.0,inf
17320.0,50.84067680343483
17321.0,44.57443045372666
17323.0,39.810592199350914
17324.0,40.553840448338526
17330.0,71.25803969884721
17334.0,51.91075194367907
17337.0,40.45774415652428
17338.0,43.40583907106835
17339.0,66.96559690635198
17340.0,50.839939184102825
17343.0,55.877451550287276
17345.0,39.87693228127463
17346.0,39.68889917029034
17348.0,42.26310934394176
17350.0,42.92404418877092
17351.0,43.499553774745124
17353.0,158.51749756246596
17358.0,43.714692317311204
17361.0,44.798865528817025
17362.0,40.994309660663355
17364.0,43.061418543161686
17365.0,46.065925113322955
17367.0,47.128934741882205
17368.0,62.24965361256969
17370.0,44.978867780792214
17372.0,38.777933933134015
17373.0,42.57944914817672
17375.0,37.63907932835369
17377.0,47.495417665607995
17379.0,36.67643428134657
17381.0,inf
17384.0,41.859505089764546
17386.0,75.48695122525075
17388.0,214.11729946416636
17389.0,130.21213473183647
17391.0,134.08845826994695
17394.0,37.63907932835369
17396.0,271.39229479551017
17397.0,37.89249415541393
17398.0,48.587950652912184
17400.0,43.188571588238844
17402.0,181.99335982612777
17404.0,inf
17406.0,186.91663934000653
17410.0,43.48120546235728
17411.0,41.21403576926972
17412.0,44.90102356787861
17414.0,66.21549244877389
17415.0,193.85371934926133
17416.0,99.4215530097508
17419.0,48.06149896005767
17420.0,42.99819956417304
17425.0,63.18744771736385
17426.0,45.96829638256534
17428.0,106.4537773496512
17429.0,41.23329820760673
17431.0,41.62058650341019
17432.0,37.53150181958398
17434.0,45.459864440348575
17438.0,50.47601828939445
17440.0,73.55500454732199
17442.0,47.02132773750561
17444.0,94.68239953158594
17449.0,41.514317069524054
17450.0,inf
17451.0,44.30408761910822
17453.0,43.381816313971036
17454.0,44.39630662600888
17457.0,178.7713405487939
17460.0,53.5614504522165
17462.0,75.92188077930543
17463.0,41.477581924208955
17464.0,58.480941909583116
17466.0,46.606084242920005
17469.0,49.20439486635611
17470.0,51.51655533603045
17472.0,40.24339821477525
17480.0,52.34305139871603
17483.0,49.547397113165395
17490.0,69.05598063410139
17491.0,56.83222366492931
17492.0,41.62058650341019
17495.0,47.42053674820043
17502.0,47.63560110415415
17504.0,60.807891419764054
17505.0,46.81746619931067
17509.0,45.57339339042769
17511.0,159.42437514876204
17512.0,70.93539094565962
17514.0,36.68012056913949
17515.0,41.68331748735132
17516.0,39.892907663917136
17519.0,45.646224854162504
17521.0,40.703256020449665
17525.0,75.81010410557597
17526.0,69.21861034994888
17527.0,46.65353947573489
17528.0,43.28625577881249
17530.0,43.89202206502756
17536.0,46.31430450021332
17538.0,37.60395077110253
17540.0,43.83725749156805
17545.0,41.22985183833786
17548.0,48.83172149662322
17550.0,38.04152913277283
17552.0,43.85912013154289
17554.0,54.94718755364988
17555.0,37.319174724373426
17560.0,55.81706163802062
17562.0,46.431321572477415
17564.0,39.6134350842355
17567.0,50.66759150479047
17571.0,47.2609792243783
17572.0,46.96283298320159
17573.0,41.79210491511779
17574.0,55.877451550287276
17576.0,52.17500958357706
17579.0,47.067146905259015
17580.0,44.67350961431356
17581.0,57.668743131040365
17593.0,45.931183064646746
17595.0,38.164813032856
17596.0,94.3538139981857
17601.0,52.844670941137956
17602.0,39.68000463958084
17604.0,37.32286101216634
17608.0,37.319174724373426
17611.0,45.150260791070984
17612.0,42.46661444315929
17613.0,50.09263694675614
17615.0,42.57324200007333
17616.0,164.80311192335432
17619.0,40.69307001365423
17620.0,47.56873332679193
17621.0,65.78715513525829
17624.0,46.137736199867106
17625.0,39.68398413803026
17629.0,45.12331619878004
17633.0,52.84705965402334
17634.0,49.72763489796227
17636.0,42.02090106707274
17642.0,42.33321221015455
17644.0,48.184614999175245
17646.0,45.81802119031866
17648.0,46.735675372662314
17651.0,51.90634527414682
17652.0,53.31155935967422
17653.0,50.07447006757212
17655.0,52.589301834796856
17656.0,46.55783231430738
17658.0,52.93318224057664
17659.0,51.23607620397146
17663.0,43.60890986933446
17666.0,47.109625195732065
17667.0,46.935587426476175
17669.0,75.05376427123288
17672.0,68.09145567402001
17674.0,43.501332984861456
17675.0,52.44672146286514
17676.0,44.90102356787861
17677.0,106.5414088709861
17678.0,47.128934741882205
17682.0,44.98913188379785
17684.0,38.22609893321257
17685.0,89.34353280674067
17686.0,45.683233247467015
17690.0,169.59013512058957
17691.0,49.45817984137289
17694.0,47.085681830500405
17695.0,43.91484254342387
17697.0,42.96053029587679
17700.0,47.41732467744197
17702.0,57.50049471107562
17703.0,41.718528580806876
17704.0,48.959860496599354
17705.0,45.730381434987976
17706.0,50.63185416767492
17711.0,44.70159225291113
17716.0,59.39387996144351
17719.0,55.931666263122075
17720.0,59.79656712962422
17724.0,54.84762854709635
17725.0,52.11367724638217
17727.0,38.94389456356913
17728.0,46.01175932560356
17730.0,58.45595678795497
17731.0,48.786502180582296
17735.0,50.866595421431384
17736.0,46.27426682081622
17737.0,46.201697033862125
17738.0,49.61885283461706
17739.0,110.83710985248204
17744.0,48.203604761427194
17746.0,52.17656199314818
17750.0,45.92278869623594
17752.0,109.95133118145318
17754.0,78.30044698051407
17757.0,77.11723324367928
17758.0,47.627272571914425
17760.0,44.10801750888244
17761.0,57.71836040364546
17764.0,37.60395077110253
17765.0,40.7541779635953
17768.0,45.17239959684846
17769.0,43.778580952393156
17770.0,53.73007680863506
17771.0,42.5738164951055
17772.0,41.51142086217705
17774.0,38.77469698313285
17775.0,45.68798684534066
17777.0,39.92493079462818
17779.0,41.21403576926972
17781.0,42.04717561114782
17787.0,42.124071927452086
17790.0,45.923431114694395
17795.0,37.32286101216634
17796.0,45.65594188707318
17797.0,41.92426414394923
17799.0,46.291701369148434
17800.0,45.78409066759833
17802.0,47.47703793320785
17809.0,220.89635757782722
17811.0,89.17611267322144
17812.0,39.30705527365767
17816.0,37.078228067775505
17819.0,86.34560921910317
17824.0,53.64748670445619
17827.0,40.9730891126718
17828.0,89.01362380510949
17830.0,44.6679067853113
17835.0,40.98537283562556
17837.0,39.6631997355381
17841.0,188.64330719486597
17844.0,49.00968122333347
17848.0,53.1637582315441
17849.0,47.07951962349834
17850.0,53.857140055951206
17852.0,38.542494167813174
17856.0,55.52127940108015
17857.0,262.0418757010784
17858.0,54.461608234225665
17861.0,41.82948271342252
17863.0,47.909790944306344
17865.0,71.45024012132826
17866.0,43.801029562057096
17867.0,76.26446749073102
17870.0,121.90496819663676
17873.0,120.47284966088927
17874.0,44.85645299852494
17877.0,57.46177128918031
17880.0,47.128934741882205
17881.0,52.54384900035897
17883.0,41.5980732902187
17884.0,40.95738896941446
17887.0,36.68012056913949
17888.0,97.30903728500202
17890.0,41.548137551891635
17894.0,46.049095169731295
17895.0,38.19399741708505
17897.0,40.6070213648599
17898.0,44.091379630843974
17900.0,43.68225541403549
17905.0,55.15057922249167
17911.0,49.496467596905305
17914.0,40.130305297388155
17917.0,37.319174724373426
17920.0,45.758810390861484
17921.0,42.58509330310777
17923.0,108.9326144100691
17926.0,44.616005132586274
17928.0,57.95089972242605
17929.0,133.6781062514274
17931.0,37.543162360117854
17932.0,40.703256020449665
17934.0,47.14510345062847
17936.0,40.44537868757983
17937.0,93.4271030802821
17940.0,inf
17941.0,88.5088213564847
17947.0,37.60395077110253
17949.0,inf
17950.0,45.51081729799442
17951.0,69.39790830937005
17954.0,40.95820523290926
17955.0,122.91338762240788
17957.0,43.21655693813235
17958.0,37.32286101216634
17961.0,41.3521515858158
17964.0,39.05479958235135
17965.0,42.34039257332713
17966.0,48.78626822921283
17969.0,37.63907932835369
17974.0,40.93717953355657
17975.0,47.39416706614855
17976.0,41.00814340384591
17978.0,41.33581045668108
17979.0,41.65053614997441
17980.0,48.100041844746585
17984.0,40.0178684506523
17985.0,40.014182162859385
17986.0,49.00968122333347
17988.0,40.79489268261126
17990.0,48.44131815457948
17997.0,96.5358605006066
18001.0,36.67643428134657
18008.0,inf
18013.0,38.80310465204599
18014.0,37.63539304056077
18018.0,48.83006048390658
18027.0,49.00968122333347
18032.0,42.96053029587679
18034.0,36.67643428134657
18035.0,42.44770690812944
18037.0,41.130916476933905
18040.0,42.060815284376616
18041.0,56.68602540166583
18043.0,40.6466142189237
18044.0,44.198604555313814
18045.0,37.63539304056077
18048.0,36.981360216148616
18050.0,46.0375367993804
18055.0,50.63747293570372
18056.0,45.68798684534066
18061.0,123.90068325206933
18062.0,61.01425273377963
18064.0,124.94460449012128
18065.0,47.11957477084423
18073.0,219.4457187403995
18075.0,53.17377227956815
18077.0,46.24038581726566
18078.0,73.99964031441311
18079.0,112.26641083080526
18080.0,242.3209409333707
18081.0,42.47656187678324
18082.0,36.67643428134657
18086.0,42.242734665520224
18087.0,325.33514358023086
18092.0,117.89178113296911
18093.0,80.20733651101484
18095.0,54.55584652590528
18097.0,47.15751461839137
18101.0,36.67643428134657
18102.0,646.6194918644901
18104.0,50.25652920048244
18109.0,57.23170428856093
18112.0,44.74673096551141
18116.0,40.991262947479996
18118.0,51.54970929033552
18121.0,42.74138997709468
18122.0,41.65977867336886
18123.0,38.177270202143035
18125.0,41.73715137906915
18130.0,42.471843664808894
18136.0,50.46178035076896
18139.0,88.21191565127143
18143.0,42.853091370388945
18144.0,81.4324621845163
18145.0,43.02100445228089
18147.0,42.827541994769035
18149.0,54.86148976508421
18150.0,40.703256020449665
18151.0,43.68225541403549
18154.0,47.29923142347995
18155.0,48.44420218714872
18161.0,45.457796722466945
18168.0,40.31723999252808
18171.0,54.161789997499454
18172.0,77.31525343387133
18173.0,143.68886136434818
18177.0,41.66657536768301
18178.0,44.23840448794402
18179.0,51.715879245873424
18180.0,46.27063963105237
18181.0,37.63539304056077
18184.0,53.04845136023055
18185.0,42.96053029587679
18194.0,105.01334348397592
18196.0,43.5327752543197
18198.0,138.80474728876854
18203.0,37.63907932835369
18204.0,47.47703793320785
18205.0,41.942778277316165
18209.0,42.70791180051667
18210.0,48.2471034897053
18211.0,45.177376545865364
18213.0,47.128934741882205
18215.0,49.6947254880231
18217.0,46.25796946174037
18218.0,70.25336023906691
18219.0,47.99450846444061
18223.0,50.072538320605325
18225.0,57.302393760520445
18226.0,51.107371433494016
18229.0,110.15267817157121
18230.0,56.70218871311903
18231.0,43.28885078249531
18236.0,45.82896638151615
18237.0,44.4823848244174
18239.0,47.932476177837636
18240.0,108.90085466821128
18241.0,49.61419759081569
18242.0,92.55484262320557
18245.0,47.74422435661589
18248.0,43.27786820497761
18252.0,42.66593339452047
18255.0,53.64748670445619
18257.0,47.8220617449676
18259.0,49.76307979577411
18260.0,46.53770347540515
18262.0,38.229785221005486
18265.0,49.55321560111088
18268.0,46.31430450021332
18270.0,45.990011277002544
18272.0,44.62205578953898
18273.0,69.25810805833622
18282.0,48.145977527904414
18283.0,39.53037909491428
18287.0,50.92913308757582
